{
  "token_acc": 0.9980078514,
  "token_p": 0.9967350492,
  "token_r": 0.9957244934,
  "token_f": 0.9959492157,
  "tag_acc": 0.9628522004,
  "sents_p": 0.9613848202,
  "sents_r": 0.960106383,
  "sents_f": 0.9607451763,
  "dep_uas": 0.8855708908,
  "dep_las": 0.8341279799,
  "dep_las_per_type": {
    "root": {
      "p": 0.8909090909,
      "r": 0.922787194,
      "f": 0.9065679926
    },
    "mark": {
      "p": 0.9097744361,
      "r": 0.9132075472,
      "f": 0.9114877589
    },
    "case": {
      "p": 0.9648924122,
      "r": 0.9583802025,
      "f": 0.9616252822
    },
    "nmod:tmod": {
      "p": 0.6875,
      "r": 0.1848739496,
      "f": 0.2913907285
    },
    "amod": {
      "p": 0.9240724763,
      "r": 0.9122657581,
      "f": 0.9181311616
    },
    "nsubj": {
      "p": 0.8615635179,
      "r": 0.8357030016,
      "f": 0.848436247
    },
    "nmod": {
      "p": 0.8216583274,
      "r": 0.8207782935,
      "f": 0.8212180747
    },
    "aux": {
      "p": 0.988700565,
      "r": 0.9597806216,
      "f": 0.974025974
    },
    "advcl": {
      "p": 0.5970149254,
      "r": 0.6015037594,
      "f": 0.5992509363
    },
    "obj": {
      "p": 0.8072033898,
      "r": 0.8799076212,
      "f": 0.8419889503
    },
    "det": {
      "p": 0.9618937644,
      "r": 0.9433748584,
      "f": 0.952544311
    },
    "cc": {
      "p": 0.9284210526,
      "r": 0.9206680585,
      "f": 0.9245283019
    },
    "conj": {
      "p": 0.590391909,
      "r": 0.5411355736,
      "f": 0.5646916566
    },
    "nummod": {
      "p": 0.8734567901,
      "r": 0.8788819876,
      "f": 0.8761609907
    },
    "acl": {
      "p": 0.8086956522,
      "r": 0.7209302326,
      "f": 0.762295082
    },
    "advmod": {
      "p": 0.8065326633,
      "r": 0.8469656992,
      "f": 0.8262548263
    },
    "obl": {
      "p": 0.6822529224,
      "r": 0.8147208122,
      "f": 0.7426257953
    },
    "expl:pass": {
      "p": 0.7678571429,
      "r": 0.7962962963,
      "f": 0.7818181818
    },
    "nsubj:pass": {
      "p": 0.8141025641,
      "r": 0.7743902439,
      "f": 0.79375
    },
    "fixed": {
      "p": 0.8713080169,
      "r": 0.8731501057,
      "f": 0.8722280887
    },
    "appos": {
      "p": 0.4618834081,
      "r": 0.393129771,
      "f": 0.424742268
    },
    "parataxis": {
      "p": 0.2352941176,
      "r": 0.2285714286,
      "f": 0.231884058
    },
    "aux:pass": {
      "p": 0.9230769231,
      "r": 0.96,
      "f": 0.9411764706
    },
    "nmod:agent": {
      "p": 0.0,
      "r": 0.0,
      "f": 0.0
    },
    "ccomp": {
      "p": 0.8604651163,
      "r": 0.8604651163,
      "f": 0.8604651163
    },
    "nmod:pmod": {
      "p": 0.0,
      "r": 0.0,
      "f": 0.0
    },
    "iobj": {
      "p": 0.7631578947,
      "r": 0.7160493827,
      "f": 0.7388535032
    },
    "flat": {
      "p": 0.7630922693,
      "r": 0.8052631579,
      "f": 0.7836107554
    },
    "cop": {
      "p": 0.816,
      "r": 0.8225806452,
      "f": 0.8192771084
    },
    "csubj": {
      "p": 0.6666666667,
      "r": 0.6666666667,
      "f": 0.6666666667
    },
    "obl:agent": {
      "p": 0.0,
      "r": 0.0,
      "f": 0.0
    },
    "dep": {
      "p": 0.0,
      "r": 0.0,
      "f": 0.0
    },
    "expl:pv": {
      "p": 0.7971014493,
      "r": 0.7971014493,
      "f": 0.7971014493
    },
    "compound": {
      "p": 0.4444444444,
      "r": 0.5714285714,
      "f": 0.5
    },
    "expl": {
      "p": 0.6363636364,
      "r": 0.7777777778,
      "f": 0.7
    },
    "vocative": {
      "p": 0.0,
      "r": 0.0,
      "f": 0.0
    },
    "obl:pmod": {
      "p": 0.0,
      "r": 0.0,
      "f": 0.0
    },
    "expl:poss": {
      "p": 0.9666666667,
      "r": 0.935483871,
      "f": 0.9508196721
    },
    "goeswith": {
      "p": 0.0,
      "r": 0.0,
      "f": 0.0
    },
    "xcomp": {
      "p": 0.3823529412,
      "r": 0.4814814815,
      "f": 0.4262295082
    },
    "csubj:pass": {
      "p": 0.0,
      "r": 0.0,
      "f": 0.0
    },
    "orphan": {
      "p": 0.0,
      "r": 0.0,
      "f": 0.0
    },
    "expl:impers": {
      "p": 0.0,
      "r": 0.0,
      "f": 0.0
    },
    "list": {
      "p": 0.0,
      "r": 0.0,
      "f": 0.0
    },
    "ccomp:pmod": {
      "p": 0.3333333333,
      "r": 0.3333333333,
      "f": 0.3333333333
    },
    "cc:preconj": {
      "p": 0.0,
      "r": 0.0,
      "f": 0.0
    }
  },
  "lemma_acc": 0.9532354062,
  "pos_acc": 0.9367770732,
  "morph_acc": 0.9477819802,
  "morph_micro_p": 0.9874480828,
  "morph_micro_r": 0.9561581183,
  "morph_micro_f": 0.9688610333,
  "morph_per_feat": {
    "Case": {
      "p": 0.9923204915,
      "r": 0.9860104286,
      "f": 0.9891553968
    },
    "Gender": {
      "p": 0.990297379,
      "r": 0.9824978122,
      "f": 0.9863821776
    },
    "Number": {
      "p": 0.9873159683,
      "r": 0.9183608975,
      "f": 0.9515908967
    },
    "Person": {
      "p": 0.9847238543,
      "r": 0.987625221,
      "f": 0.9861724036
    },
    "PronType": {
      "p": 0.9958419958,
      "r": 0.99308915,
      "f": 0.9944636678
    },
    "Polarity": {
      "p": 0.9854368932,
      "r": 0.9983606557,
      "f": 0.9918566775
    },
    "AdpType": {
      "p": 0.9996600952,
      "r": 0.9952622673,
      "f": 0.9974563337
    },
    "Definite": {
      "p": 0.9881258023,
      "r": 0.9774603175,
      "f": 0.9827641238
    },
    "Degree": {
      "p": 0.9505420054,
      "r": 0.9422431162,
      "f": 0.9463743676
    },
    "VerbForm": {
      "p": 0.9716171617,
      "r": 0.9787234043,
      "f": 0.9751573369
    },
    "Abbr": {
      "p": 0.9615384615,
      "r": 0.8928571429,
      "f": 0.9259259259
    },
    "Poss": {
      "p": 0.9975786925,
      "r": 0.9927710843,
      "f": 0.9951690821
    },
    "NumForm": {
      "p": 0.9871244635,
      "r": 0.3168044077,
      "f": 0.4796663191
    },
    "NumType": {
      "p": 0.9872340426,
      "r": 0.3186813187,
      "f": 0.481827622
    },
    "Reflex": {
      "p": 1.0,
      "r": 0.9935897436,
      "f": 0.9967845659
    },
    "Strength": {
      "p": 0.9959839357,
      "r": 0.9841269841,
      "f": 0.9900199601
    },
    "Mood": {
      "p": 0.964028777,
      "r": 0.9834862385,
      "f": 0.9736603088
    },
    "Tense": {
      "p": 0.9598278336,
      "r": 0.9723837209,
      "f": 0.9660649819
    },
    "Variant": {
      "p": 0.9933333333,
      "r": 0.9612903226,
      "f": 0.9770491803
    },
    "Position": {
      "p": 1.0,
      "r": 0.9910714286,
      "f": 0.9955156951
    },
    "Number[psor]": {
      "p": 0.9666666667,
      "r": 0.9666666667,
      "f": 0.9666666667
    },
    "PartType": {
      "p": 1.0,
      "r": 0.9459459459,
      "f": 0.9722222222
    },
    "Foreign": {
      "p": 0.0,
      "r": 0.0,
      "f": 0.0
    }
  },
  "ents_p": 0.7486792453,
  "ents_r": 0.7621974645,
  "ents_f": 0.7553778793,
  "ents_per_type": {
    "DATETIME": {
      "p": 0.7959183673,
      "r": 0.8153310105,
      "f": 0.8055077453
    },
    "ORGANIZATION": {
      "p": 0.6676923077,
      "r": 0.6910828025,
      "f": 0.6791862285
    },
    "FACILITY": {
      "p": 0.5798319328,
      "r": 0.5267175573,
      "f": 0.552
    },
    "NUMERIC_VALUE": {
      "p": 0.8765432099,
      "r": 0.9025423729,
      "f": 0.8893528184
    },
    "ORDINAL": {
      "p": 0.775862069,
      "r": 0.8181818182,
      "f": 0.796460177
    },
    "EVENT": {
      "p": 0.6129032258,
      "r": 0.5135135135,
      "f": 0.5588235294
    },
    "GPE": {
      "p": 0.8347826087,
      "r": 0.8827586207,
      "f": 0.8581005587
    },
    "PERSON": {
      "p": 0.6906584992,
      "r": 0.7567114094,
      "f": 0.7221777422
    },
    "NAT_REL_POL": {
      "p": 0.9305555556,
      "r": 0.8933333333,
      "f": 0.9115646259
    },
    "MONEY": {
      "p": 0.9574468085,
      "r": 0.775862069,
      "f": 0.8571428571
    },
    "PRODUCT": {
      "p": 0.6083333333,
      "r": 0.5328467153,
      "f": 0.5680933852
    },
    "LOC": {
      "p": 0.5070422535,